Workbook

Sheet ASSUMPTIONS (hypothetical) plan
A1: ASSUMPTIONS (hypothetical): plans, base vs downside
A2: SignalForge: Summary · Main Scenario
A4: Variable / dimension | B4: Monthly price | C4: Monthly price > Downside | D4: Share of new signups | E4: Share of new signups > Downside | F4: Briefs used per customer per month | G4: Briefs used per customer per month > Downside | H4: Monthly churn rate | I4: Monthly churn rate > Downside
A5: Agency $99 | B5: =99 -> 99 | C5: ='ASSUMPTIONS (hypothetical) plan'!B5 -> 99 | D5: =0.15 -> 0.15 | E5: =0.08 -> 0.08 | F5: =90 -> 90 | G5: ='ASSUMPTIONS (hypothetical) plan'!F5 -> 90 | H5: =0.04 -> 0.04 | I5: =0.07 -> 0.07
A6: Pro $49 | B6: =49 -> 49 | C6: ='ASSUMPTIONS (hypothetical) plan'!B6 -> 49 | D6: =0.35 -> 0.35 | E6: =0.22 -> 0.22 | F6: =35 -> 35 | G6: ='ASSUMPTIONS (hypothetical) plan'!F6 -> 35 | H6: =0.06 -> 0.06 | I6: =0.1 -> 0.1
A7: Starter $19 | B7: =19 -> 19 | C7: ='ASSUMPTIONS (hypothetical) plan'!B7 -> 19 | D7: =0.5 -> 0.5 | E7: =0.7 -> 0.7 | F7: =12 -> 12 | G7: ='ASSUMPTIONS (hypothetical) plan'!F7 -> 12 | H7: =0.08 -> 0.08 | I7: =0.15 -> 0.15

Sheet ASSUMPTIONS (hypothetical) grow
A1: ASSUMPTIONS (hypothetical): growth and costs, base vs downside
A2: SignalForge: Summary · Main Scenario
A4: Variable / dimension | B4: Value | C4: Value > Downside
A5: New signups in launch month | B5: =10 -> 10 | C5: =4 -> 4
A6: Monthly growth in new signups | B6: =0.15 -> 0.15 | C6: =0.05 -> 0.05
A7: AI model cost per brief | B7: =0.35 -> 0.35 | C7: =0.7 -> 0.7
A8: Web search and scraping cost per brief | B8: =0.1 -> 0.1 | C8: =0.15 -> 0.15
A9: Price per brief | B9: =1.5 -> 1.5 | C9: ='ASSUMPTIONS (hypothetical) grow'!B9 -> 1.5
A10: Card fee rate | B10: =0.029 -> 0.029 | C10: ='ASSUMPTIONS (hypothetical) grow'!B10 -> 0.029
A11: Card fee per charge | B11: =0.3 -> 0.3 | C11: ='ASSUMPTIONS (hypothetical) grow'!B11 -> 0.3
A12: Hosting per month | B12: =40 -> 40 | C12: ='ASSUMPTIONS (hypothetical) grow'!B12 -> 40
A13: Tooling per month | B13: =120 -> 120 | C13: ='ASSUMPTIONS (hypothetical) grow'!B13 -> 120
A14: Marketing per month | B14: =150 -> 150 | C14: =300 -> 300
A15: Founder pay per month | B15: =0 -> 0 | C15: ='ASSUMPTIONS (hypothetical) grow'!B15 -> 0
A16: Starting cash | B16: =0 -> 0 | C16: ='ASSUMPTIONS (hypothetical) grow'!B16 -> 0
